NEA,NEA SUBSIDIARY COMPANY,IPP,IMPORT,EXPORT,INTERRUPTION,TOTAL ENERGY DEMAND,NATIONAL DEMAND,TOTAL PEAK DEMAND,NATIONAL PEAK DEMAND
7965 MWh,1833 MWh,15832 MWh,14 MWh,5459 MWh,100 MWh,25744 MWh,20285 MWh,1311 MW,1200 MW
7965 MWh,1833 MWh,15832 MWh,14 MWh,5459 MWh,100 MWh,25744 MWh,20285 MWh,1311 MW,1200 MW
7965 MWh,1833 MWh,15832 MWh,14 MWh,5459 MWh,100 MWh,25744 MWh,20285 MWh,1311 MW,1200 MW
7965 MWh,1833 MWh,15832 MWh,14 MWh,5459 MWh,100 MWh,25744 MWh,20285 MWh,1311 MW,1200 MW
7965 MWh,1833 MWh,15832 MWh,14 MWh,5459 MWh,100 MWh,25744 MWh,20285 MWh,1311 MW,1200 MW
7965 MWh,1833 MWh,15832 MWh,14 MWh,5459 MWh,100 MWh,25744 MWh,20285 MWh,1311 MW,1200 MW
7965 MWh,1833 MWh,15832 MWh,14 MWh,5459 MWh,100 MWh,25744 MWh,20285 MWh,1311 MW,1200 MW
7965 MWh,1833 MWh,15832 MWh,14 MWh,5459 MWh,100 MWh,25744 MWh,20285 MWh,1311 MW,1200 MW
7965 MWh,1833 MWh,15832 MWh,14 MWh,5459 MWh,100 MWh,25744 MWh,20285 MWh,1311 MW,1200 MW
7965 MWh,1833 MWh,15832 MWh,14 MWh,5459 MWh,100 MWh,25744 MWh,20285 MWh,1311 MW,1200 MW
7965 MWh,1833 MWh,15832 MWh,14 MWh,5459 MWh,100 MWh,25744 MWh,20285 MWh,1311 MW,1200 MW
7965 MWh,1833 MWh,15832 MWh,14 MWh,5459 MWh,100 MWh,25744 MWh,20285 MWh,1311 MW,1200 MW
7965 MWh,1833 MWh,15832 MWh,14 MWh,5459 MWh,100 MWh,25744 MWh,20285 MWh,1311 MW,1200 MW
7965 MWh,1833 MWh,15832 MWh,14 MWh,5459 MWh,100 MWh,25744 MWh,20285 MWh,1311 MW,1200 MW
7965 MWh,1833 MWh,15832 MWh,14 MWh,5459 MWh,100 MWh,25744 MWh,20285 MWh,1311 MW,1200 MW
7965 MWh,1833 MWh,15832 MWh,14 MWh,5459 MWh,100 MWh,25744 MWh,20285 MWh,1311 MW,1200 MW
7965 MWh,1833 MWh,15832 MWh,14 MWh,5459 MWh,100 MWh,25744 MWh,20285 MWh,1311 MW,1200 MW
7965 MWh,1833 MWh,15832 MWh,14 MWh,5459 MWh,100 MWh,25744 MWh,20285 MWh,1311 MW,1200 MW
7965 MWh,1833 MWh,15832 MWh,14 MWh,5459 MWh,100 MWh,25744 MWh,20285 MWh,1311 MW,1200 MW
7965 MWh,1833 MWh,15832 MWh,14 MWh,5459 MWh,100 MWh,25744 MWh,20285 MWh,1311 MW,1200 MW
7965 MWh,1833 MWh,15832 MWh,14 MWh,5459 MWh,100 MWh,25744 MWh,20285 MWh,1311 MW,1200 MW
7965 MWh,1833 MWh,15832 MWh,14 MWh,5459 MWh,100 MWh,25744 MWh,20285 MWh,1311 MW,1200 MW
7965 MWh,1833 MWh,15832 MWh,14 MWh,5459 MWh,100 MWh,25744 MWh,20285 MWh,1311 MW,1200 MW
7965 MWh,1833 MWh,15832 MWh,14 MWh,5459 MWh,100 MWh,25744 MWh,20285 MWh,1311 MW,1200 MW
7965 MWh,1833 MWh,15832 MWh,14 MWh,5459 MWh,100 MWh,25744 MWh,20285 MWh,1311 MW,1200 MW
7965 MWh,1833 MWh,15832 MWh,14 MWh,5459 MWh,100 MWh,25744 MWh,20285 MWh,1311 MW,1200 MW
7965 MWh,1833 MWh,15832 MWh,14 MWh,5459 MWh,100 MWh,25744 MWh,20285 MWh,1311 MW,1200 MW
7965 MWh,1833 MWh,15832 MWh,14 MWh,5459 MWh,100 MWh,25744 MWh,20285 MWh,1311 MW,1200 MW
7965 MWh,1833 MWh,15832 MWh,14 MWh,5459 MWh,100 MWh,25744 MWh,20285 MWh,1311 MW,1200 MW
7965 MWh,1833 MWh,15832 MWh,14 MWh,5459 MWh,100 MWh,25744 MWh,20285 MWh,1311 MW,1200 MW
7965 MWh,1833 MWh,15832 MWh,14 MWh,5459 MWh,100 MWh,25744 MWh,20285 MWh,1311 MW,1200 MW
7965 MWh,1833 MWh,15832 MWh,14 MWh,5459 MWh,100 MWh,25744 MWh,20285 MWh,1311 MW,1200 MW
7965 MWh,1833 MWh,15832 MWh,14 MWh,5459 MWh,100 MWh,25744 MWh,20285 MWh,1311 MW,1200 MW
7965 MWh,1833 MWh,15832 MWh,14 MWh,5459 MWh,100 MWh,25744 MWh,20285 MWh,1311 MW,1200 MW
7965 MWh,1833 MWh,15832 MWh,14 MWh,5459 MWh,100 MWh,25744 MWh,20285 MWh,1311 MW,1200 MW
7965 MWh,1833 MWh,15832 MWh,14 MWh,5459 MWh,100 MWh,25744 MWh,20285 MWh,1311 MW,1200 MW
7965 MWh,1833 MWh,15832 MWh,14 MWh,5459 MWh,100 MWh,25744 MWh,20285 MWh,1311 MW,1200 MW
7965 MWh,1833 MWh,15832 MWh,14 MWh,5459 MWh,100 MWh,25744 MWh,20285 MWh,1311 MW,1200 MW
7965 MWh,1833 MWh,15832 MWh,14 MWh,5459 MWh,100 MWh,25744 MWh,20285 MWh,1311 MW,1200 MW
7965 MWh,1833 MWh,15832 MWh,14 MWh,5459 MWh,100 MWh,25744 MWh,20285 MWh,1311 MW,1200 MW
7965 MWh,1833 MWh,15832 MWh,14 MWh,5459 MWh,100 MWh,25744 MWh,20285 MWh,1311 MW,1200 MW
7965 MWh,1833 MWh,15832 MWh,14 MWh,5459 MWh,100 MWh,25744 MWh,20285 MWh,1311 MW,1200 MW
7965 MWh,1833 MWh,15832 MWh,14 MWh,5459 MWh,100 MWh,25744 MWh,20285 MWh,1311 MW,1200 MW
7965 MWh,1833 MWh,15832 MWh,14 MWh,5459 MWh,100 MWh,25744 MWh,20285 MWh,1311 MW,1200 MW
7965 MWh,1833 MWh,15832 MWh,14 MWh,5459 MWh,100 MWh,25744 MWh,20285 MWh,1311 MW,1200 MW
7965 MWh,1833 MWh,15832 MWh,14 MWh,5459 MWh,100 MWh,25744 MWh,20285 MWh,1311 MW,1200 MW
7965 MWh,1833 MWh,15832 MWh,14 MWh,5459 MWh,100 MWh,25744 MWh,20285 MWh,1311 MW,1200 MW
7965 MWh,1833 MWh,15832 MWh,14 MWh,5459 MWh,100 MWh,25744 MWh,20285 MWh,1311 MW,1200 MW
